{"data": [-0.42204269181063137, -0.38732164028164917, -0.4583284237854301, 1.0, 1.0, 1.0, 1.0, 1.0], "indices": [0, 1, 2, 3, 5, 27, 30, 33], "indptr": [0, 8], "shape": [1, 35]}